<grails>
  <resources>
    <resource>JQueryService</resource>
    <resource>JQueryConfig</resource>
    <resource>JQueryPluginResources</resource>
    <resource>JQueryTagLib</resource>
    <resource>JQueryResourceTagLib</resource>
    <resource>com.intelligrape.multiSelect.MultiSelectTagLib</resource>
    <resource>UrlMappings</resource>
    <resource>Config</resource>
    <resource>DataSource</resource>
    <resource>resources</resource>
    <resource>BuildConfig</resource>
    <resource>BootStrap</resource>
    <resource>com.united.mycarddeck.domain.DeckController</resource>
    <resource>com.united.mycarddeck.domain.CardController</resource>
    <resource>com.united.mycarddeck.domain.SkillsController</resource>
    <resource>com.united.mycarddeck.domain.PlayerController</resource>
    <resource>com.united.mycarddeck.domain.Skills</resource>
    <resource>com.united.mycarddeck.domain.Player</resource>
    <resource>com.united.mycarddeck.domain.Card</resource>
    <resource>com.united.mycarddeck.domain.Deck</resource>
  </resources>
  <plugins>
    <plugin>JqueryGrailsPlugin</plugin>
    <plugin>HibernateGrailsPlugin</plugin>
    <plugin>MultiSelectGrailsPlugin</plugin>
  </plugins>
</grails>